{
  "timestamp": "20260403_111759",
  "model": "google/medgemma-4b-it",
  "adapter": "/ssd3/Ali/Ali/Senghuy/pathvqa_medgemma_pipeline/adapters",
  "test_data": "/ssd3/Ali/Ali/Senghuy/pathvqa_medgemma_pipeline/preprocessed/test/preprocessed_data.pt",
  "total_samples": 6719,
  "strict_exact_match": 0.5395148087513023,
  "exact_correct": 3625,
  "overall_accuracy": 0.5667510046137818,
  "overall_score_sum": 3808.0,
  "overall_full_credit_count": 3776,
  "overall_half_credit_count": 64,
  "yes_no_accuracy": 0.9190957763236169,
  "yes_no_samples": 3362,
  "yes_no_correct": 3090,
  "open_strict_exact_match": 0.1593684837652666,
  "open_overall_accuracy": 0.21388144176347929,
  "open_samples": 3357,
  "open_correct": 535,
  "open_bleu1": 0.1707654873029339,
  "open_bleu4": 0.03373603772710693,
  "open_meteor": 0.09958474586077772,
  "open_token_f1": 0.18537138839492132,
  "total_time_minutes": 39.56935788393021,
  "samples_per_second": 2.830051820952386
}