{
  "timestamp": "20260402_112736",
  "model": "OpenGVLab/InternVL2_5-8B",
  "adapter": "/ssd3/Ali/Ali/Senghuy/pathvqa_internvl2_5_pipeline/adapters",
  "test_data": "/ssd3/Ali/Ali/Senghuy/pathvqa_internvl2_5_pipeline/preprocessed/test/preprocessed_data.pt",
  "total_samples": 6719,
  "scored_samples": 6719,
  "failed_samples": 0,
  "strict_exact_match": 0.5911593987200476,
  "exact_correct": 3972,
  "overall_accuracy": 0.6201071588033934,
  "overall_score_sum": 4166.5,
  "overall_full_credit_count": 4063,
  "overall_half_credit_count": 207,
  "yes_no_accuracy": 0.9196906603212374,
  "yes_no_samples": 3362,
  "yes_no_correct": 3092,
  "open_strict_exact_match": 0.2621388144176348,
  "open_overall_accuracy": 0.32007745010425975,
  "open_samples": 3357,
  "open_correct": 880,
  "open_bleu1": 0.2841368492949798,
  "open_bleu4": 0.06375907985155917,
  "open_meteor": 0.17351753836351894,
  "open_token_f1": 0.29582404039169674,
  "total_time_minutes": 35.93167585531871,
  "samples_per_second": 3.1165630510595084
}