{
  "timestamp": "20260331_185818",
  "model": "Qwen/Qwen3-VL-8B-Instruct",
  "adapter": "/ssd3/Ali/Ali/Senghuy/qwen3vl_8b_pathvqa_pipeline/adapters",
  "test_data": "/ssd3/Ali/Ali/Senghuy/qwen3vl_8b_pathvqa_pipeline/preprocessed/test/preprocessed_data.pt",
  "total_samples": 6719,
  "strict_exact_match": 0.609019199285608,
  "exact_correct": 4092,
  "overall_accuracy": 0.6493525822294984,
  "overall_score_sum": 4363.0,
  "overall_full_credit_count": 4187,
  "overall_half_credit_count": 352,
  "yes_no_accuracy": 0.9241522903033909,
  "yes_no_samples": 3362,
  "yes_no_correct": 3107,
  "open_strict_exact_match": 0.29341674113792077,
  "open_overall_accuracy": 0.37414358057789693,
  "open_samples": 3357,
  "open_correct": 985,
  "open_bleu1": 0.3264917412308671,
  "open_bleu4": 0.07749923910273038,
  "open_meteor": 0.20460974672778307,
  "open_token_f1": 0.34151162645972977,
  "total_time_minutes": 86.04633863766988,
  "samples_per_second": 1.3014305443591367
}