{
  "timestamp": "20251206_154610",
  "model": "Qwen/Qwen2-VL-7B-Instruct",
  "adapter": "./qwen2vl_pathvqa_adapters",
  "test_data": "preprocessed_data_v2/test/preprocessed_data.pt",
  "total_samples": 6719,
  "exact_match": 0.5588629260306593,
  "exact_match_count": 3755,
  "partial_match": 0.6151212978121744,
  "partial_match_count": 4133,
  "yes_no_accuracy": 0.9021415823914337,
  "yes_no_samples": 3362,
  "yes_no_correct": 3033,
  "total_time_minutes": 41.287941638628645,
  "samples_per_second": 2.712252751989038
}