{
  "timestamp": "20260316_110159",
  "model": "Qwen/Qwen3-VL-8B-Instruct",
  "adapter": "qwen3vl_8b_vqa_rad_adapters",
  "test_data": "preprocessed_vqa_rad_qwen3_8b/test/preprocessed_data.pt",
  "total_samples": 451,
  "exact_match": 0.5587583148558758,
  "exact_match_count": 252,
  "yes_no_accuracy": 0.7610294117647058,
  "yes_no_samples": 272,
  "yes_no_correct": 207,
  "open_accuracy": 0.25139664804469275,
  "open_samples": 179,
  "open_correct": 45,
  "total_time_minutes": 14.518073550860088,
  "samples_per_second": 0.5177454598459009
}